Value 1,Result
135,308.3708805967256
986,308.3708805967256
673,308.3708805967256
412,308.3708805967256
523,308.3708805967256
346,308.3708805967256
808,308.3708805967256
998,308.3708805967256
309,308.3708805967256
171,308.3708805967256
527,308.3708805967256
505,308.3708805967256
317,308.3708805967256
34,308.3708805967256
903,308.3708805967256
