Value 1,Value 2,Result
393,10,0.1075828707279838
751,10,0.1075828707279838
426,10,0.1075828707279838
779,10,0.1075828707279838
982,10,0.1075828707279838
15,10,0.1075828707279838
245,10,0.1075828707279838
54,10,0.1075828707279838
536,10,0.1075828707279838
828,10,0.1075828707279838
264,10,0.1075828707279838
851,10,0.1075828707279838
