Value 1,Result
782,0.17000000000000004
527,0.43999999999999995
140,0.86
13,0.9299999999999999
670,0.27
458,0.53
549,0.41000000000000003
862,0.10999999999999999
154,0.85
906,0.08999999999999997
162,0.85
203,0.81
309,0.71
982,0.050000000000000044
