Value 1,Value 2,Result
78,881,0.08247534270998602
185,988,0.08247534270998602
957,890,0.08247534270998602
378,924,0.08247534270998602
885,705,0.08247534270998602
645,634,0.08247534270998602
396,412,0.08247534270998602
207,92,0.08247534270998602
75,660,0.08247534270998602
970,431,0.08247534270998602
768,794,0.08247534270998602
773,418,0.08247534270998602
10,563,0.08247534270998602
179,530,0.08247534270998602
859,691,0.08247534270998602
587,529,0.08247534270998602
232,331,0.08247534270998602
