Value 1,Result
531,289.1135570824878
187,289.1135570824878
74,289.1135570824878
875,289.1135570824878
416,289.1135570824878
635,289.1135570824878
576,289.1135570824878
757,289.1135570824878
810,289.1135570824878
201,289.1135570824878
55,289.1135570824878
362,289.1135570824878
294,289.1135570824878
854,289.1135570824878
40,289.1135570824878
