Value 1,Result
372,57151.916666666664
551,57151.916666666664
472,57151.916666666664
782,57151.916666666664
990,57151.916666666664
797,57151.916666666664
755,57151.916666666664
390,57151.916666666664
450,57151.916666666664
187,57151.916666666664
92,57151.916666666664
658,57151.916666666664
758,57151.916666666664
224,57151.916666666664
605,57151.916666666664
219,57151.916666666664
582,57151.916666666664
485,57151.916666666664
