Value 1,Result
555,0.29405689955425496
789,1.1210919295505972
107,-1.2893264057378873
751,0.9867870956195672
225,-0.8722745530046891
552,0.2834538863491736
634,0.5732695806213961
178,-1.038388426550963
75,-1.4024252132587547
852,1.3437552068573047
