Value 1,Value 2,Sample,Result
393,2,0,0.2721655269759087
751,2,1,0.2721655269759087
426,2,0,0.2721655269759087
779,2,0,0.2721655269759087
982,2,0,0.2721655269759087
15,2,0,0.2721655269759087
245,2,0,0.2721655269759087
54,2,0,0.2721655269759087
536,2,0,0.2721655269759087
828,2,0,0.2721655269759087
264,2,1,0.2721655269759087
851,2,1,0.2721655269759087
